date,meantempm,meandewptm,meanpressurem,maxhumidity,minhumidity,maxtempm,mintempm,maxdewptm,mindewptm,maxpressurem,minpressurem,precipm
2015-06-30,28,26,1005.50,89,65,32,25,27,25,1006,1004,1.0
2015-07-01,29,26,1005.25,92,63,33,25,27,24,1006,1004,0.0
2015-07-02,31,26,1004.63,91,43,37,25,26,25,1006,1003,0.2
2015-07-03,31,26,1003.12,92,51,36,26,27,25,1005,1001,4.0
2015-07-04,30,26,1001.50,93,48,36,25,28,25,1004,999,0.0
2015-07-05,32,27,999.75,93,50,37,28,28,26,1001,998,0.0
2015-07-06,32,26,999.38,93,48,36,27,27,24,1000,998,0.6
2015-07-07,31,26,999.00,88,45,36,26,28,25,1000,997,0.0
2015-07-08,30,26,999.62,91,63,35,26,28,24,1002,998,17.0
2015-07-09,27,27,999.25,96,87,30,24,28,24,1001,997,0.0
2015-07-10,30,27,997.62,97,68,33,27,28,27,1000,996,19.0
2015-07-11,28,26,1002.13,98,77,31,24,28,24,1004,999,4.0
2015-07-12,30,27,1002.75,99,54,35,25,28,26,1004,1001,0.0
2015-07-13,31,27,1001.37,89,54,37,25,28,25,1003,999,0.0
2015-07-14,31,27,999.88,98,56,36,26,28,26,1002,997,30.0
2015-07-15,30,27,998.13,97,63,36,24,29,26,1000,996,4.0
2015-07-16,29,26,997.75,99,65,34,24,28,24,999,996,4.0
2015-07-17,30,26,998.62,99,68,34,25,29,25,1001,997,27.0
2015-07-18,27,27,999.88,99,79,31,23,28,24,1001,998,0.0
2015-07-19,28,27,998.86,96,78,31,24,28,25,1000,997,0.0
2015-07-20,30,27,998.57,97,57,34,26,27,26,999,998,21.0
2015-07-21,29,27,1000.13,97,74,32,26,28,26,1002,999,10.0
2015-07-22,28,27,1001.50,99,79,31,25,28,26,1003,1000,15.0
2015-07-23,28,26,1003.25,96,76,31,25,27,26,1005,1002,0.0
2015-07-24,30,27,1004.25,91,72,33,26,27,26,1005,1003,0.0
2015-07-25,28,26,1002.88,98,82,31,25,28,24,1004,1001,0.0
2015-07-26,26,26,1001.71,99,85,29,23,28,24,1003,1000,2.0
2015-07-27,26,25,1002.12,97,79,28,23,27,23,1003,1001,0.0
2015-07-28,26,25,1002.50,98,88,28,24,26,24,1004,1001,7.0
2015-07-29,28,25,1001.00,92,39,30,25,27,16,1003,1000,0.0
2015-07-30,28,24,1000.50,93,41,31,25,26,16,1002,999,0.3
2015-07-31,29,26,1001.00,93,62,32,26,26,24,1003,1000,0.0
2015-08-01,28,25,1002.88,92,66,32,23,26,24,1004,1002,6.0
2015-08-02,26,26,1003.00,99,86,30,23,27,25,1004,1000,4.0
2015-08-03,28,26,1002.63,94,63,32,25,27,26,1004,1001,0.0
2015-08-04,30,26,1002.25,92,58,34,26,27,25,1004,1000,0.0
2015-08-05,28,25,1002.25,94,55,33,24,26,25,1004,1000,0.0
2015-08-06,30,25,1001.38,90,56,33,26,26,24,1002,1000,0.0
2015-08-07,29,25,1001.75,87,56,33,25,26,25,1003,1000,0.0
2015-08-08,30,26,1002.00,90,47,34,26,26,24,1003,1000,0.0
2015-08-09,30,26,1000.37,89,48,35,26,27,25,1002,998,0.0
2015-08-10,31,26,1000.87,95,54,35,27,27,25,1003,998,0.0
2015-08-11,30,27,1002.50,94,65,33,27,28,26,1004,1001,11.0
2015-08-12,28,27,1002.00,98,83,32,25,28,26,1004,1000,8.0
2015-08-13,28,26,1001.83,96,69,32,25,27,26,1003,1001,2.0
2015-08-14,29,26,1002.62,93,69,32,26,27,26,1004,1001,0.4
2015-08-15,28,27,1004.62,95,86,30,25,28,25,1006,1003,0.0
2015-08-16,28,27,1005.50,99,91,29,27,28,27,1007,1004,12.0
2015-08-17,30,27,1005.75,98,66,34,25,28,26,1008,1004,17.0
2015-08-18,29,26,1006.88,88,65,33,25,28,25,1008,1005,0.0
2015-08-19,30,27,1007.00,100,64,34,25,30,25,1008,1005,41.0
2015-08-20,28,27,1006.12,97,65,33,24,28,26,1008,1004,0.0
2015-08-21,30,27,1004.37,94,65,33,26,27,27,1006,1002,2.0
2015-08-22,29,26,1002.88,95,70,32,26,28,25,1004,1001,2.0
2015-08-23,30,25,1002.71,91,42,35,25,27,16,1004,1001,0.7
2015-08-24,28,26,1002.88,94,73,32,25,28,25,1004,1001,1.0
2015-08-25,28,26,1001.75,98,70,32,25,28,26,1003,1000,0.0
2015-08-26,28,26,1001.25,100,72,32,24,27,25,1002,999,13.0
2015-08-27,27,25,1000.50,100,43,29,25,28,16,1002,999,50.0
2015-08-28,28,27,1001.50,98,81,32,24,28,25,1003,1000,0.5
2015-08-29,30,27,1002.00,94,64,34,27,28,26,1003,1000,0.3
2015-08-30,28,27,1002.88,95,76,31,26,28,26,1004,1001,0.7
2015-08-31,29,27,1003.86,94,89,33,25,29,26,1004,1002,0.4
2015-09-01,28,27,1005.63,94,78,31,25,27,26,1012,1002,0.0
2015-09-02,29,26,1004.37,93,68,33,25,27,25,1006,1003,0.0
2015-09-03,30,26,1006.75,100,64,34,25,27,25,1008,1005,35.0
2015-09-04,29,26,1008.75,99,63,34,24,28,23,1010,1007,2.0
2015-09-05,30,26,1008.63,96,67,34,25,28,24,1011,1006,6.0
2015-09-06,29,26,1007.25,98,68,33,25,28,23,1009,1005,11.0
2015-09-07,28,26,1007.25,97,69,33,23,29,22,1009,1006,0.0
2015-09-08,27,26,1007.00,93,79,30,24,27,23,1008,1006,0.0
2015-09-09,30,26,1006.37,90,57,35,25,27,24,1008,1004,0.0
2015-09-10,30,26,1006.75,91,61,34,25,28,25,1008,1004,0.0
2015-09-11,30,26,1006.50,89,63,33,26,27,23,1008,1004,0.2
2015-09-12,30,26,1006.25,97,65,34,26,27,25,1008,1004,9.0
2015-09-13,28,26,1005.88,100,70,31,25,27,25,1008,1004,10.0
2015-09-14,28,26,1003.00,96,74,30,25,26,25,1006,1000,6.0
2015-09-15,27,26,999.62,97,87,30,24,27,25,1002,997,5.0
2015-09-16,27,26,999.75,97,81,29,25,28,25,1002,998,0.0
2015-09-17,29,27,1002.87,96,69,33,25,28,26,1005,1001,0.0
2015-09-18,30,26,1004.50,96,59,33,26,27,26,1006,1003,0.0
2015-09-19,30,26,1003.50,93,60,33,26,27,26,1005,1001,0.0
2015-09-20,28,26,1002.37,100,76,30,25,28,26,1004,1000,11.0
2015-09-21,28,26,1004.25,100,71,31,24,26,26,1006,1002,0.4
2015-09-22,30,28,1005.75,94,67,35,25,29,26,1007,1004,0.0
2015-09-23,30,27,1007.25,92,67,32,27,28,27,1009,1005,0.0
2015-09-24,30,28,1006.12,96,70,32,27,28,27,1008,1005,0.0
2015-09-25,30,26,1005.75,92,57,34,25,27,24,1008,1004,0.0
2015-09-26,30,26,1006.38,93,54,34,25,27,25,1008,1005,0.0
2015-09-27,30,26,1006.75,91,49,34,25,26,25,1009,1005,0.0
2015-09-28,29,26,1007.50,91,60,33,25,26,25,1009,1006,0.7
2015-09-29,28,25,1009.00,93,51,33,24,26,24,1010,1008,0.0
2015-09-30,29,25,1010.25,93,54,34,24,26,25,1011,1009,0.0
2015-10-01,30,26,1011.25,90,61,34,26,28,25,1013,1010,2.0
2015-10-02,30,26,1010.63,97,65,35,25,28,25,1013,1008,12.0
2015-10-03,29,25,1009.50,100,62,33,25,26,25,1011,1008,23.0
2015-10-04,28,26,1009.63,96,65,33,24,28,25,1012,1008,0.0
2015-10-05,29,26,1008.88,93,60,33,25,27,25,1011,1007,0.0
2015-10-06,29,26,1007.63,94,64,33,25,27,25,1009,1005,3.0
2015-10-07,26,25,1007.50,97,92,27,24,26,24,1009,1006,4.0
2015-10-08,28,25,1006.63,99,68,32,24,28,24,1008,1004,2.0
2015-10-09,28,25,1006.12,94,65,32,23,27,23,1008,1004,0.0
2015-10-10,28,24,1007.13,95,42,34,23,26,22,1009,1005,0.0
2015-10-11,28,25,1009.00,92,49,34,23,26,23,1011,1008,0.0
2015-10-12,28,24,1010.38,95,56,33,22,26,22,1012,1008,19.0
2015-10-13,27,24,1010.75,96,52,33,21,26,21,1012,1009,0.0
2015-10-14,28,25,1011.88,93,57,33,24,26,24,1014,1010,0.0
2015-10-15,27,25,1012.50,92,61,31,23,25,24,1014,1010,0.0
2015-10-16,28,25,1012.88,94,58,32,24,26,23,1015,1011,0.0
2015-10-17,28,25,1012.88,92,64,32,24,26,24,1016,1011,5.0
2015-10-18,28,25,1013.12,94,60,32,23,26,23,1016,1011,0.0
2015-10-19,29,25,1012.38,93,51,34,24,26,24,1016,1010,0.0
2015-10-20,28,25,1010.25,91,53,34,23,26,24,1012,1008,0.0
2015-10-21,29,25,1010.12,93,55,34,24,25,24,1012,1008,0.0
2015-10-22,28,25,1011.25,95,51,33,24,26,24,1014,1010,0.0
2015-10-23,28,25,1011.12,94,47,34,23,26,23,1013,1009,0.0
2015-10-24,28,26,1011.75,93,65,32,25,27,25,1014,1010,0.0
2015-10-25,28,23,1013.00,90,41,33,24,26,21,1015,1011,0.0
2015-10-26,28,22,1013.63,92,33,33,22,26,19,1016,1012,0.0
2015-10-27,27,23,1013.25,92,46,33,21,23,22,1015,1012,0.0
2015-10-28,26,23,1013.63,95,45,32,21,23,21,1016,1011,0.0
2015-10-29,28,22,1013.38,80,47,32,23,24,21,1015,1012,0.0
2015-10-30,24,23,1013.37,89,70,26,23,23,22,1016,1012,0.0
2015-10-31,26,23,1012.62,97,67,29,22,23,22,1014,1011,0.0
2015-11-01,25,23,1013.37,97,68,28,22,23,22,1015,1012,0.0
2015-11-02,26,23,1014.00,95,57,31,22,24,22,1016,1012,0.0
2015-11-03,26,23,1013.50,97,50,31,22,24,22,1016,1011,0.0
2015-11-04,27,22,1012.50,94,44,32,22,24,21,1015,1010,0.0
2015-11-05,27,22,1012.12,95,37,33,21,24,19,1015,1009,0.0
2015-11-06,28,23,1012.00,88,44,33,22,24,22,1014,1010,0.0
2015-11-07,26,21,1013.50,90,38,32,21,24,13,1016,1011,0.0
2015-11-08,26,23,1013.12,97,50,32,21,24,22,1017,1004,0.0
2015-11-09,26,22,1013.50,95,49,31,22,24,21,1016,1012,0.0
2015-11-10,25,21,1011.88,90,54,29,21,21,20,1014,1010,0.0
2015-11-11,27,20,1012.50,88,33,32,22,22,17,1014,1010,0.0
2015-11-12,26,20,1013.75,93,33,32,20,21,17,1016,1012,0.0
2015-11-13,26,20,1013.50,93,32,32,20,21,17,1016,1011,0.0
2015-11-14,26,20,1011.75,89,34,33,20,21,18,1014,1009,0.0
2015-11-15,26,21,1011.63,91,39,32,19,23,19,1013,1010,0.0
2015-11-16,26,22,1011.75,92,43,32,21,24,20,1014,1011,0.0
2015-11-17,24,22,1012.50,91,66,27,20,23,19,1014,1011,2.0
2015-11-18,24,19,1014.25,91,51,30,19,20,19,1016,1012,0.0
2015-11-19,25,19,1015.00,92,46,31,19,20,17,1017,1013,0.0
2015-11-20,24,18,1014.00,94,34,30,17,20,16,1017,1012,0.0
2015-11-21,24,19,1013.88,92,33,30,17,21,16,1016,1012,0.0
2015-11-22,24,18,1013.50,92,34,31,18,20,16,1016,1011,0.0
2015-11-23,24,18,1013.88,89,34,31,18,19,16,1016,1012,0.0
2015-11-24,24,19,1013.63,89,27,31,18,20,14,1016,1012,0.0
2015-11-25,26,20,1013.63,90,41,32,19,22,19,1016,1011,0.0
2015-11-26,25,21,1012.50,97,43,31,19,22,19,1015,1010,0.0
2015-11-27,26,22,1011.75,94,49,31,21,23,21,1014,1010,0.0
2015-11-28,26,22,1015.12,96,49,31,21,23,21,1018,1012,0.0
2015-11-29,26,21,1016.88,92,43,31,20,23,19,1019,1015,0.0
2015-11-30,26,22,1015.75,93,60,30,22,23,22,1018,1014,0.0
2015-12-01,26,22,1013.75,91,44,31,22,23,20,1016,1012,0.0
2015-12-02,24,20,1014.37,84,53,27,22,21,19,1016,1012,0.0
2015-12-03,26,20,1014.00,94,33,33,20,22,17,1016,1012,0.0
2015-12-04,26,21,1014.12,92,44,31,20,22,20,1016,1012,0.0
2015-12-05,26,21,1014.38,94,43,32,20,22,20,1017,1012,0.0
2015-12-06,26,21,1014.00,92,39,32,20,22,19,1016,1011,0.0
2015-12-07,24,19,1014.75,92,33,30,19,21,16,1017,1012,0.0
2015-12-08,22,18,1015.00,90,38,29,16,19,17,1018,1013,0.0
2015-12-09,24,16,1015.37,90,29,31,16,19,15,1018,1013,0.0
2015-12-10,24,16,1014.12,91,22,32,15,19,12,1018,1011,0.0
2015-12-11,24,19,1012.12,91,33,32,17,21,17,1014,1010,0.0
2015-12-12,26,21,1010.88,93,40,33,19,22,20,1013,1009,0.0
2015-12-13,26,23,1012.37,93,54,31,22,25,22,1014,1010,1.0
2015-12-14,26,22,1012.88,95,60,30,21,24,19,1015,1011,1.0
2015-12-15,23,20,1013.90,96,67,26,20,23,18,1015,1012,0.0
2015-12-16,22,17,1014.88,86,54,24,19,19,15,1017,1014,0.0
2015-12-17,23,18,1013.88,74,56,27,19,20,15,1016,1012,0.0
2015-12-18,24,20,1013.87,82,54,30,19,22,18,1017,1011,0.0
2015-12-19,22,16,1017.75,87,39,25,18,18,13,1020,1016,0.0
2015-12-20,22,15,1017.25,75,31,28,16,18,11,1020,1015,0.0
2015-12-21,22,19,1015.88,94,69,24,19,21,17,1017,1014,6.0
2015-12-22,22,20,1017.37,96,70,26,19,22,17,1019,1016,0.0
2015-12-23,21,19,1017.00,92,66,25,17,20,16,1019,1015,0.0
2015-12-24,23,20,1015.50,92,66,27,19,22,18,1018,1014,0.0
2015-12-25,22,17,1017.25,95,48,25,18,20,13,1019,1015,0.0
2015-12-26,20,11,1018.63,76,24,25,14,13,8,1021,1016,0.0
2015-12-27,20,11,1019.00,78,20,27,13,14,7,1021,1017,0.0
2015-12-28,20,12,1017.38,86,18,29,12,16,8,1020,1012,0.0
2015-12-29,22,13,1017.12,90,22,30,13,15,11,1020,1015,0.0
2015-12-30,22,14,1016.25,89,22,30,14,18,11,1018,1014,0.0
2015-12-31,24,18,1017.88,93,33,30,17,19,15,1020,1016,0.0
2016-01-01,23,19,1019.25,96,4,29,17,20,17,1022,1018,0.0
2016-01-02,24,18,1017.75,95,33,29,18,21,15,1021,1015,0.0
2016-01-03,24,19,1016.75,94,45,30,17,20,17,1019,1014,0.0
2016-01-04,23,18,1017.50,99,39,28,18,20,16,1020,1016,0.0
2016-01-05,22,18,1016.57,91,46,27,18,19,16,1019,1014,0.0
2016-01-06,22,17,1017.00,93,31,29,14,18,14,1020,1015,0.0
2016-01-07,24,17,1017.37,98,32,30,18,18,15,1019,1016,0.0
2016-01-08,23,17,1015.87,96,27,32,14,18,15,1019,1014,0.0
2016-01-09,24,16,1013.75,92,22,32,15,19,13,1015,1011,0.0
2016-01-10,22,15,1015.87,88,23,29,16,18,11,1018,1014,0.0
2016-01-11,22,16,1016.00,89,29,29,14,18,13,1020,1014,0.0
2016-01-12,22,15,1014.25,94,21,30,15,18,10,1018,1012,0.0
2016-01-13,22,13,1013.62,94,20,30,14,17,9,1016,1011,0.0
2016-01-14,22,13,1014.31,88,13,31,13,19,7,1018,1012,0.0
2016-01-15,24,16,1013.04,100,22,32,16,18,10,1016,1010,0.0
2016-01-16,24,15,1011.75,94,24,33,15,17,12,1014,1009,0.0
2016-01-17,23,17,1013.26,94,35,30,16,19,16,1044,1010,0.0
2016-01-18,24,18,1012.32,100,27,31,18,20,14,1015,1010,0.0
2016-01-19,24,19,1012.12,100,40,31,18,21,18,1015,1010,0.0
2016-01-20,26,20,1012.80,94,42,31,20,23,17,1015,1011,0.0
2016-01-21,22,18,1015.75,94,43,26,19,22,14,1019,1013,0.0
2016-01-22,20,13,1017.37,94,28,26,15,16,11,1020,1015,0.0
2016-01-23,20,12,1018.24,94,33,27,13,14,10,1021,1016,0.0
2016-01-24,20,13,1017.69,95,23,26,13,16,8,1021,1015,0.0
2016-01-25,20,14,1015.28,94,31,29,12,17,11,1018,1012,0.0
2016-01-26,22,17,1014.29,94,38,29,15,19,15,1017,1011,0.0
2016-01-27,24,19,1013.00,100,41,31,17,21,17,1016,1011,0.0
2016-01-28,26,20,1012.74,95,40,31,20,21,17,1015,1010,0.0
2016-01-29,25,19,1015.29,94,34,31,19,22,16,1019,1013,0.0
2016-01-30,27,19,1014.02,94,21,34,20,22,13,1017,1011,0.0
2016-01-31,26,18,1012.66,94,17,35,17,23,9,1015,1005,0.0
2016-02-01,27,22,1013.80,95,36,33,21,24,18,1017,1011,0.0
2016-02-02,28,23,1013.91,100,41,33,23,24,20,1018,1011,0.0
2016-02-03,26,22,1013.37,94,50,31,22,23,21,1016,1011,0.0
2016-02-04,26,20,1014.35,100,45,31,21,23,18,1018,1012,0.0
2016-02-05,24,19,1014.96,94,43,30,19,22,17,1017,1011,0.0
2016-02-06,26,21,1013.44,90,53,32,20,22,20,1015,1011,0.0
2016-02-07,26,22,1013.44,94,52,32,20,23,20,1016,1012,0.0
2016-02-08,26,21,1013.06,100,42,32,20,22,19,1016,1011,0.0
2016-02-09,27,20,1012.33,94,31,33,21,22,17,1015,1010,0.0
2016-02-10,26,19,1011.96,94,19,33,19,23,12,1015,1010,0.0
2016-02-11,27,22,1010.71,94,49,33,21,23,21,1013,1009,0.0
2016-02-12,30,23,1010.75,89,43,35,24,24,21,1013,1009,0.0
2016-02-13,28,22,1011.80,94,41,34,22,23,19,1014,1010,0.0
2016-02-14,28,21,1012.83,89,36,35,22,23,20,1015,1011,0.0
2016-02-15,28,21,1014.27,96,25,36,21,24,17,1016,1012,0.0
2016-02-16,28,20,1015.72,94,29,35,21,23,17,1018,1014,0.0
2016-02-17,28,18,1015.43,94,16,36,20,22,12,1019,1013,0.0
2016-02-18,28,17,1013.98,88,16,39,18,22,13,1016,1011,0.0
2016-02-19,30,18,1013.62,89,16,39,20,22,14,1016,1011,0.0
2016-02-20,30,19,1012.52,88,19,40,20,25,14,1015,1010,0.0
2016-02-21,30,23,1010.92,94,32,37,22,25,20,1014,1008,0.0
2016-02-22,30,24,1012.25,94,35,35,24,25,21,1015,1010,0.0
2016-02-23,29,23,1011.86,94,41,34,24,25,21,1014,1010,0.0
2016-02-24,29,23,1011.40,83,37,34,24,24,20,1013,1010,0.0
2016-02-25,28,22,1013.59,89,44,32,24,24,21,1016,1011,0.0
2016-02-26,28,21,1015.95,94,34,34,22,23,19,1019,1013,2.0
2016-02-27,26,22,1016.26,94,52,31,21,23,21,1019,1014,0.0
2016-02-28,28,22,1016.80,94,40,34,21,24,20,1020,1014,5.0
2016-02-29,28,22,1016.60,94,33,34,22,25,18,1020,1014,0.0
2016-03-01,28,22,1014.29,94,40,35,22,24,21,1017,1012,0.0
2016-03-02,28,22,1014.55,94,29,35,21,29,19,1017,1012,0.0
2016-03-03,28,20,1014.47,100,22,36,21,24,14,1018,1012,0.0
2016-03-04,28,20,1012.64,94,21,37,20,25,16,1015,1010,0.0
2016-03-05,30,21,1010.92,100,21,38,22,25,15,1014,1008,0.0
2016-03-06,30,22,1011.56,100,21,37,23,25,15,1014,1009,0.0
2016-03-07,28,19,1011.56,94,20,37,20,23,16,1015,1008,0.0
2016-03-08,29,20,1010.86,94,20,37,21,23,15,1014,1009,0.0
2016-03-09,29,21,1010.00,100,23,36,22,24,16,1012,1008,0.0
2016-03-10,30,22,1010.93,94,25,37,22,24,19,1013,1009,0.0
2016-03-11,30,23,1011.22,94,21,38,23,26,17,1014,1009,0.0
2016-03-12,31,24,1010.00,100,32,37,25,26,19,1012,1008,0.0
2016-03-13,29,22,1011.87,94,25,35,23,24,14,1014,1009,0.0
2016-03-14,29,22,1012.98,94,34,36,22,24,19,1016,1010,0.0
2016-03-15,28,22,1011.34,88,29,36,21,24,20,1014,1009,0.0
2016-03-16,30,22,1010.50,100,23,37,22,25,18,1012,1008,0.0
2016-03-17,30,24,1011.11,94,44,36,24,26,23,1013,1009,1.0
2016-03-18,30,24,1010.20,100,34,36,23,26,21,1013,1007,0.0
2016-03-19,31,25,1008.24,94,42,37,25,27,23,1011,1006,0.0
2016-03-20,32,21,1007.77,94,11,41,24,26,11,1010,1005,0.0
2016-03-21,33,21,1006.61,94,10,42,24,26,11,1010,1004,0.0
2016-03-22,32,25,1006.52,89,33,37,26,26,19,1009,1000,0.0
2016-03-23,32,25,1008.67,94,33,37,26,26,22,1012,1006,0.0
2016-03-24,31,25,1011.64,94,33,37,25,26,22,1014,1009,0.0
2016-03-25,31,24,1012.44,89,36,37,25,26,23,1015,1010,0.0
2016-03-26,30,25,1011.26,94,37,37,24,26,24,1014,1009,0.0
2016-03-27,31,25,1011.05,89,43,36,26,27,24,1013,1009,0.0
2016-03-28,30,21,1011.90,89,24,36,24,25,17,1016,1009,0.0
2016-03-29,30,23,1011.19,89,37,37,23,25,21,1014,1009,0.0
2016-03-30,30,25,1011.30,94,44,36,25,26,25,1014,1009,0.0
2016-03-31,32,24,1009.59,94,34,38,26,26,22,1013,1007,0.0
2016-04-01,32,24,1007.32,94,27,39,25,25,21,1010,1005,0.0
2016-04-02,32,25,1008.25,89,43,37,27,26,24,1010,1005,0.0
2016-04-03,32,26,1008.77,89,48,37,27,27,25,1012,1006,0.0
2016-04-04,32,26,1007.06,89,41,38,26,27,24,1010,1004,0.0
2016-04-05,32,24,1005.89,94,25,38,26,26,17,1009,1001,0.0
2016-04-06,34,23,1007.04,89,23,43,25,26,17,1010,1005,0.0
2016-04-07,34,22,1007.14,70,23,43,26,25,18,1010,1004,0.0
2016-04-08,34,24,1007.79,89,33,41,27,26,22,1011,1005,0.0
2016-04-09,34,23,1007.93,94,21,42,26,26,19,1010,1006,0.0
2016-04-10,35,24,1007.67,89,29,44,26,26,22,1010,1005,0.0
2016-04-11,36,23,1005.94,94,16,45,26,26,19,1009,1000,0.0
2016-04-12,34,24,1004.60,84,26,42,27,26,21,1012,1002,0.0
2016-04-13,34,25,1003.36,84,32,42,27,26,22,1006,1001,0.0
2016-04-14,34,26,1004.52,89,35,40,27,27,24,1007,1002,0.0
2016-04-15,34,27,1006.25,89,40,40,28,27,25,1009,1004,0.0
2016-04-16,33,26,1005.07,89,37,39,27,27,25,1008,1003,0.0
2016-04-17,34,25,1004.60,89,30,41,27,26,22,1007,1002,0.0
2016-04-18,33,23,1005.73,84,30,40,26,25,19,1008,1004,0.0
2016-04-19,32,24,1006.89,90,27,39,26,26,20,1010,1004,0.0
2016-04-20,32,25,1006.85,89,36,38,26,25,24,1010,1004,0.0
2016-04-21,34,25,1004.23,94,37,40,27,27,24,1007,1002,0.0
2016-04-22,33,26,1002.65,94,38,40,26,28,25,1005,1001,0.0
2016-04-23,34,26,1000.73,94,35,41,27,28,26,1003,998,0.0
2016-04-24,34,26,1001.56,94,35,41,26,27,25,1004,1000,0.0
2016-04-25,33,27,1004.40,89,45,39,27,28,24,1007,1002,0.0
2016-04-26,32,26,1006.58,89,45,38,27,28,25,1009,1004,0.0
2016-04-27,34,25,1005.45,89,30,42,26,26,23,1008,1003,0.0
2016-04-28,36,25,1005.05,84,24,45,27,27,21,1009,1002,0.0
2016-04-29,34,23,1005.88,94,34,43,25,27,17,1008,1004,2.0
2016-04-30,34,20,1005.91,79,23,39,28,25,17,1008,1003,0.0
2016-05-01,34,24,1004.38,89,27,44,25,28,22,1007,1001,0.0
2016-05-02,34,24,1004.86,89,15,40,28,27,12,1012,1002,0.0
2016-05-03,33,25,1004.95,89,27,40,26,26,22,1007,1003,0.0
2016-05-04,34,22,1006.29,79,21,41,26,24,19,1009,1004,0.0
2016-05-05,35,22,1007.20,84,17,43,27,27,16,1010,1004,0.0
2016-05-06,34,25,1007.11,94,31,41,27,27,21,1010,1005,5.0
2016-05-07,32,24,1006.67,89,31,40,25,26,21,1009,1004,0.0
2016-05-08,32,26,1008.13,94,39,38,27,28,23,1010,1005,0.7
2016-05-09,32,25,1007.94,89,37,39,25,28,23,1010,1005,0.0
2016-05-10,33,26,1008.15,94,43,39,27,28,23,1010,1005,0.0
2016-05-11,32,23,1006.96,84,41,39,26,26,19,1009,1005,0.0
2016-05-12,33,23,1004.37,84,26,41,25,27,21,1007,1001,0.0
2016-05-13,35,26,1003.63,89,28,42,28,28,23,1006,1001,0.0
2016-05-14,33,27,1006.11,84,46,37,29,28,26,1009,1003,0.0
2016-05-15,34,26,1006.11,84,36,39,28,27,24,1008,1004,0.0
2016-05-16,34,25,1004.68,84,26,40,29,28,21,1007,1002,0.0
2016-05-17,34,26,1004.54,90,34,39,28,27,24,1007,1002,0.0
2016-05-18,32,26,1003.79,89,43,36,27,27,24,1005,1001,0.0
2016-05-19,29,26,1002.37,100,65,32,26,28,25,1004,1000,18.0
2016-05-20,26,25,997.53,100,94,26,25,26,25,1002,992,0.0
2016-05-21,28,26,998.98,100,53,35,22,29,22,1006,996,0.0
2016-05-22,29,27,999.49,100,58,36,22,29,23,1002,997,0.0
2016-05-23,33,26,999.90,100,37,40,26,29,20,1008,997,10.0
2016-05-24,31,25,1000.63,89,46,38,24,28,21,1002,998,0.0
2016-05-25,32,27,999.38,94,41,40,25,29,22,1002,995,9.0
2016-05-26,32,25,1001.04,94,25,40,24,28,21,1004,999,0.0
2016-05-27,32,27,1002.45,94,48,37,27,28,25,1005,999,3.0
2016-05-28,32,26,1002.21,100,41,38,25,28,24,1007,999,0.0
2016-05-29,29,26,1002.52,94,55,34,24,28,24,1005,1000,0.0
2016-05-30,33,27,1002.46,94,46,38,28,28,25,1004,1000,0.1
2016-05-31,34,27,1003.38,84,42,39,28,28,25,1005,1001,0.0
2016-06-01,32,27,1003.91,94,46,39,25,28,24,1006,1001,20.0
2016-06-02,30,27,1003.64,100,52,35,24,28,25,1006,1000,0.0
2016-06-03,29,26,1003.72,100,62,34,24,28,25,1005,1002,58.0
2016-06-04,28,27,1004.75,100,66,32,25,28,26,1006,1003,8.0
2016-06-05,30,27,1005.18,100,61,34,26,28,26,1008,1003,0.0
2016-06-06,31,27,1004.64,96,58,35,27,29,26,1007,1002,10.0
2016-06-07,30,27,1003.95,100,65,34,27,29,26,1006,1002,15.0
2016-06-08,30,27,1002.24,100,74,33,27,28,27,1004,1000,0.6
2016-06-09,30,26,1000.83,94,58,34,26,28,25,1002,999,0.0
2016-06-10,32,27,1001.09,94,51,38,26,29,25,1003,999,0.0
2016-06-11,33,28,1000.51,94,46,37,29,29,27,1003,998,0.0
2016-06-12,34,27,1000.07,84,43,39,29,28,27,1002,998,0.0
2016-06-13,34,28,999.80,84,45,39,29,29,25,1001,998,0.0
2016-06-14,29,27,999.56,100,64,34,24,29,24,1001,997,0.0
2016-06-15,30,27,999.05,94,72,31,28,28,25,1001,997,0.0
2016-06-16,26,27,999.62,100,82,30,23,29,24,1002,997,1.0
2016-06-17,30,27,999.79,94,74,32,27,28,24,1002,998,0.0
2016-06-18,29,26,1001.20,94,72,32,26,28,26,1003,1000,10.0
2016-06-19,29,26,1003.24,100,72,32,26,29,25,1006,1002,12.0
2016-06-20,29,26,1004.02,100,65,33,25,28,25,1006,1002,10.0
2016-06-21,30,27,1004.02,94,60,34,27,28,26,1005,1002,0.0
2016-06-22,31,27,1004.35,94,53,35,27,27,25,1006,1002,0.0
2016-06-23,31,27,1003.30,94,56,35,27,28,25,1005,1000,0.0
2016-06-24,32,26,1002.28,89,48,37,26,28,24,1004,999,1.0
2016-06-25,32,26,1002.86,94,50,36,27,28,25,1004,1001,0.0
2016-06-26,28,26,1002.22,100,76,31,25,29,24,1004,1001,39.0
2016-06-27,26,26,999.51,100,93,29,24,27,25,1002,996,0.0
2016-06-28,30,27,998.82,100,62,33,26,28,26,1000,997,0.0
2016-06-29,30,27,1000.06,100,72,32,27,28,26,1002,999,0.0
2016-06-30,29,27,998.42,100,74,32,26,28,26,1001,996,1.0
2016-07-01,29,27,996.52,100,76,33,25,30,24,998,994,33.0
2016-07-02,27,27,997.60,100,88,29,25,28,26,1000,995,0.0
2016-07-03,26,27,999.48,100,89,29,24,28,25,1002,998,0.5
2016-07-04,28,27,999.78,100,84,30,26,28,25,1001,998,0.0
2016-07-05,30,27,999.09,94,72,32,27,28,26,1007,997,0.0
2016-07-06,30,28,998.51,94,68,33,28,28,26,1000,997,0.4
2016-07-07,30,27,998.37,100,59,34,26,28,26,1000,997,13.0
2016-07-08,26,26,997.23,100,94,27,25,27,25,999,995,17.0
2016-07-09,27,26,996.14,100,84,29,25,27,25,998,994,2.0
2016-07-10,27,26,995.80,100,77,29,25,26,24,997,994,0.0
2016-07-11,28,26,996.80,94,78,30,26,27,25,999,995,0.1
2016-07-12,30,27,999.10,100,67,34,27,29,26,1001,997,7.0
2016-07-13,30,27,1000.57,100,64,34,26,28,26,1002,997,0.1
2016-07-14,29,27,1000.57,94,78,31,27,28,27,1002,999,0.0
2016-07-15,28,27,1001.55,100,79,32,25,28,25,1004,1000,16.0
2016-07-16,28,27,1004.33,100,83,31,24,28,25,1007,1002,0.3
2016-07-17,30,27,1006.81,100,25,33,26,28,26,1008,1005,0.0
2016-07-18,30,26,1005.40,94,57,34,25,27,25,1007,1003,0.3
2016-07-19,30,26,1003.14,94,56,34,25,27,24,1005,1000,0.0
2016-07-20,30,27,1002.29,94,63,35,26,28,25,1004,1000,0.0
2016-07-21,30,27,1002.49,100,62,33,26,28,26,1004,1001,0.5
2016-07-22,30,27,1002.77,100,65,34,27,28,26,1004,1001,0.3
2016-07-23,30,26,1003.51,94,65,32,27,28,25,1005,1002,3.0
2016-07-24,29,27,1003.51,100,66,32,26,28,25,1005,1001,15.0
2016-07-25,28,26,1005.25,100,80,31,24,28,25,1007,1004,0.0
2016-07-26,26,25,1006.64,100,89,26,25,26,25,1008,1006,7.0
2016-07-27,27,26,1006.98,100,78,30,24,27,24,1010,1005,3.0
2016-07-28,30,26,1005.22,94,56,34,25,27,25,1007,1002,0.0
2016-07-29,30,27,1003.33,94,56,35,26,28,25,1006,1000,0.0
2016-07-30,29,27,1002.54,100,74,32,26,28,25,1004,1001,21.0
2016-07-31,28,26,1001.75,100,69,33,24,29,24,1004,999,2.0
2016-08-01,28,27,998.68,100,76,32,25,28,25,1002,995,0.0
2016-08-02,28,26,995.90,100,71,31,25,27,25,998,993,31.0
2016-08-03,28,27,995.86,100,89,29,26,28,26,997,994,5.0
2016-08-04,26,26,996.08,100,94,26,25,26,25,998,994,34.0
2016-08-05,26,25,997.90,100,89,27,25,27,25,1001,995,0.6
2016-08-06,26,26,999.29,100,91,28,24,27,25,1001,997,0.2
2016-08-07,28,27,1000.85,100,84,30,26,28,26,1003,1000,0.0
2016-08-08,28,27,1002.02,96,72,30,25,28,25,1004,1001,0.4
2016-08-09,26,26,1001.04,100,91,27,25,27,25,1003,999,6.0
2016-08-10,26,26,1001.73,100,89,27,25,27,25,1004,1000,4.0
2016-08-11,26,26,1002.52,100,89,28,25,27,25,1004,1000,7.0
2016-08-12,28,27,1002.00,94,73,32,25,28,25,1003,1000,0.0
2016-08-13,30,27,1001.22,100,60,33,26,28,26,1002,999,17.0
2016-08-14,30,27,1000.04,100,73,33,26,28,25,1002,998,0.7
2016-08-15,28,27,997.84,100,79,31,26,28,25,1000,995,10.0
2016-08-16,27,26,995.44,100,83,29,25,28,25,997,993,0.0
2016-08-17,27,26,994.98,100,78,29,25,27,24,997,993,0.0
2016-08-18,28,26,998.47,94,66,32,25,28,24,1001,995,0.0
2016-08-19,30,27,1001.10,96,58,34,27,28,26,1003,999,0.0
2016-08-20,30,27,1002.04,94,63,34,26,29,25,1004,1000,0.0
2016-08-21,29,27,1002.89,100,72,32,26,28,26,1004,1001,15.0
2016-08-22,28,26,1004.04,100,81,30,25,28,25,1006,1002,6.0
2016-08-23,29,27,1004.13,100,66,34,24,28,25,1006,1001,0.0
2016-08-24,30,27,1003.36,100,67,34,26,28,25,1005,1001,22.0
2016-08-25,30,27,1003.55,100,68,33,26,28,26,1005,1001,5.0
2016-08-26,28,27,1004.36,100,74,31,25,28,25,1006,1002,9.0
2016-08-27,29,27,1005.47,100,63,33,25,28,26,1007,1003,0.0
2016-08-28,30,27,1005.78,94,68,34,27,28,26,1008,1004,1.0
2016-08-29,30,27,1003.90,100,63,34,26,28,27,1006,1001,0.0
2016-08-30,30,27,1003.04,96,62,34,27,29,26,1005,1000,3.0
2016-08-31,28,27,1003.78,100,84,31,26,29,26,1005,1002,20.0
2016-09-01,28,27,1003.95,100,88,30,25,28,26,1006,1002,4.0
2016-09-02,28,28,1002.38,100,84,31,26,29,26,1004,999,0.0
2016-09-03,28,27,1001.52,100,76,31,26,28,25,1003,999,4.0
2016-09-04,26,25,1003.16,100,94,27,24,26,24,1005,1001,0.0
2016-09-05,25,25,1003.36,100,93,27,23,26,24,1005,1002,6.0
2016-09-06,26,25,1004.09,100,88,28,24,26,24,1006,1002,4.0
2016-09-07,26,25,1002.97,100,89,28,23,27,24,1004,1001,1.0
2016-09-08,26,26,1003.76,100,70,29,24,26,24,1005,1002,4.0
2016-09-09,29,27,1004.46,94,73,33,25,28,25,1007,1002,0.0
2016-09-10,30,27,1003.91,94,65,33,26,29,25,1006,1001,0.7
2016-09-11,30,27,1003.10,94,68,33,26,27,26,1005,1001,0.0
2016-09-12,28,27,1003.86,100,84,29,27,28,26,1007,1002,4.0
2016-09-13,29,27,1004.59,100,84,32,26,29,26,1007,1003,20.0
2016-09-14,28,27,1005.04,100,77,31,25,28,25,1007,1003,3.0
2016-09-15,28,26,1004.52,95,72,32,25,27,25,1006,1003,1.0
2016-09-16,29,27,1004.60,100,74,32,26,28,26,1007,1003,9.0
2016-09-17,28,27,1004.33,100,86,31,26,28,25,1006,1002,0.5
2016-09-18,28,27,1005.68,100,62,32,25,28,26,1007,1003,1.0
2016-09-19,30,27,1004.77,94,63,33,26,27,25,1007,1002,0.0
2016-09-20,30,27,1004.21,94,55,35,26,28,25,1006,1001,0.0
2016-09-21,30,26,1005.81,94,62,33,26,27,23,1008,1004,2.0
2016-09-22,30,27,1005.82,100,64,33,26,29,26,1008,1003,6.0
2016-09-23,29,26,1003.93,95,74,32,26,27,25,1006,1002,0.2
2016-09-24,28,26,1003.11,100,79,31,26,28,25,1005,1000,35.0
2016-09-25,27,26,1003.85,100,79,30,24,28,25,1006,1002,3.0
2016-09-26,28,27,1005.45,100,89,30,25,28,25,1007,1003,12.0
2016-09-27,29,26,1005.82,100,72,32,26,28,25,1008,1004,18.0
2016-09-28,27,26,1004.72,100,89,29,25,28,25,1006,1003,17.0
2016-09-29,27,26,1003.98,100,83,30,24,29,25,1006,1002,22.0
2016-09-30,27,26,1003.54,100,79,30,24,28,25,1005,1000,1.0
2016-10-01,28,27,1006.02,100,84,30,25,29,24,1008,1004,8.0
2016-10-02,28,26,1008.09,94,69,32,25,28,25,1011,1006,0.0
2016-10-03,28,26,1007.12,95,65,32,25,27,25,1010,1004,0.0
2016-10-04,29,26,1005.91,100,65,33,25,28,25,1008,1003,3.0
2016-10-05,29,26,1005.08,95,68,33,25,28,25,1007,1002,0.0
2016-10-06,28,26,1004.98,100,70,31,25,27,25,1007,1003,0.0
2016-10-07,26,26,1004.95,100,94,28,24,28,25,1007,1003,23.0
2016-10-08,28,26,1005.69,100,84,30,25,28,25,1008,1003,0.0
2016-10-09,28,26,1004.35,100,81,30,25,28,25,1006,1002,10.0
2016-10-10,28,26,1003.54,100,78,31,25,28,25,1005,1001,11.0
2016-10-11,28,26,1004.07,100,69,31,24,28,23,1006,1002,0.0
2016-10-12,28,25,1005.53,94,62,32,24,26,23,1007,1003,0.0
2016-10-13,28,23,1007.66,94,38,33,23,25,20,1010,1005,0.0
2016-10-14,27,22,1008.82,100,42,32,22,24,19,1011,1006,0.0
2016-10-15,26,21,1009.22,89,44,32,19,24,19,1012,1007,0.0
2016-10-16,26,22,1009.84,100,47,32,21,23,21,1012,1008,0.0
2016-10-17,26,22,1008.58,89,48,32,21,25,20,1011,1006,0.0
2016-10-18,27,23,1007.79,94,48,33,21,25,20,1010,1005,0.0
2016-10-19,28,23,1006.79,94,47,33,22,25,21,1009,1005,0.0
2016-10-20,28,23,1006.27,100,40,34,22,25,21,1008,1004,0.0
2016-10-21,27,21,1007.21,94,34,33,21,23,18,1009,1006,0.0
2016-10-22,26,22,1008.30,94,52,31,20,25,20,1011,1006,0.0
2016-10-23,26,20,1007.87,94,29,33,19,22,17,1011,1006,0.0
2016-10-24,26,21,1007.19,94,39,32,19,23,19,1010,1005,0.0
2016-10-25,26,19,1006.83,94,23,33,19,21,15,1009,1004,0.0
2016-10-26,26,21,1008.32,88,42,32,19,23,17,1010,1007,7.0
2016-10-27,26,25,1010.67,100,73,30,22,26,23,1013,1009,0.4
2016-10-28,27,24,1010.48,100,60,31,23,25,23,1013,1008,0.0
2016-10-29,28,24,1010.61,100,44,32,23,25,21,1013,1009,0.0
2016-10-30,27,22,1011.71,100,41,32,22,24,19,1014,1010,0.0
2016-10-31,27,23,1013.22,94,50,33,21,26,20,1016,1012,0.0
2016-11-01,28,23,1012.40,100,44,32,23,25,21,1014,1010,0.0
2016-11-02,28,23,1012.34,94,47,33,24,24,22,1014,1010,0.0
2016-11-03,26,23,1012.46,100,60,30,23,25,22,1014,1011,5.0
2016-11-04,24,23,1009.66,100,88,26,21,24,21,1013,1006,17.0
2016-11-05,24,22,1006.64,100,67,27,21,23,20,1008,1005,0.2
2016-11-06,24,20,1008.71,96,44,30,18,23,18,1011,1007,0.0
2016-11-07,23,18,1010.87,94,32,30,16,19,15,1013,1009,0.0
2016-11-08,23,16,1011.80,94,24,31,15,20,13,1014,1010,0.0
2016-11-09,23,17,1013.02,94,33,31,15,19,14,1016,1011,0.0
2016-11-10,23,17,1012.54,94,37,30,16,27,15,1015,1010,0.0
2016-11-11,23,18,1012.79,100,39,30,16,20,16,1015,1011,0.0
2016-11-12,24,18,1013.89,100,34,31,17,21,17,1016,1012,0.0
2016-11-13,24,20,1014.95,94,39,31,18,22,18,1018,1013,0.0
2016-11-14,26,20,1013.93,100,40,31,20,22,19,1016,1012,0.0
2016-11-15,26,21,1013.71,95,41,30,21,23,19,1016,1012,0.0
2016-11-16,24,17,1014.39,94,28,30,18,20,13,1017,1012,0.0
2016-11-17,23,16,1014.39,94,35,30,16,18,13,1018,1009,0.0
2016-11-18,23,15,1013.04,88,28,30,16,18,13,1016,1011,0.0
2016-11-19,22,16,1011.77,94,28,30,15,18,14,1014,1010,0.0
2016-11-20,24,17,1012.07,88,33,31,16,21,14,1015,1010,0.0
2016-11-21,24,17,1011.84,94,30,31,16,19,15,1015,1010,0.0
2016-11-22,24,16,1011.11,94,24,31,16,19,13,1014,1001,0.0
2016-11-23,23,16,1011.98,94,25,32,14,25,13,1015,1010,0.0
2016-11-24,24,16,1012.22,94,27,31,16,19,13,1015,1010,0.0
2016-11-25,24,16,1011.37,100,28,32,15,17,14,1014,1008,0.0
2016-11-26,24,16,1011.24,94,23,32,15,20,14,1013,1009,0.0
2016-11-27,24,16,1010.67,94,26,32,15,19,13,1013,1008,0.0
2016-11-28,24,17,1011.40,94,32,31,16,20,15,1014,1009,0.0
2016-11-29,24,17,1012.96,94,38,31,16,25,15,1016,1011,0.0
2016-11-30,24,19,1014.45,94,41,30,18,21,17,1018,1012,0.0
2016-12-01,24,19,1014.48,94,40,30,19,21,14,1017,1012,0.0
2016-12-02,25,20,1014.54,94,42,30,20,21,18,1017,1013,0.0
2016-12-03,26,20,1015.64,100,38,31,20,21,18,1018,1014,0.0
2016-12-04,25,19,1016.04,94,29,31,19,22,14,1019,1014,0.0
2016-12-05,23,16,1014.52,94,28,30,16,18,13,1017,1005,0.0
2016-12-06,22,15,1014.74,94,25,30,15,18,13,1018,1012,0.0
2016-12-07,22,15,1013.83,94,33,30,14,18,12,1017,1011,0.0
2016-12-08,22,15,1012.59,94,26,29,14,17,13,1015,1006,0.0
2016-12-09,22,15,1010.93,94,29,29,14,16,13,1014,1006,0.0
2016-12-10,22,14,1011.08,94,26,29,14,17,11,1014,1009,0.0
2016-12-11,22,14,1011.11,83,29,28,16,17,11,1014,1008,0.0
2016-12-12,24,15,1011.52,88,25,32,16,19,12,1013,1009,0.0
2016-12-13,24,16,1012.33,100,26,30,17,18,13,1014,1010,0.0
2016-12-14,24,16,1013.57,94,27,30,17,19,13,1016,1012,0.0
2016-12-15,22,13,1014.51,94,18,31,14,17,6,1017,1012,0.0
2016-12-16,22,13,1015.43,94,21,29,14,16,7,1018,1013,0.0
2016-12-17,21,13,1014.53,94,24,29,13,15,11,1018,1012,0.0
2016-12-18,20,13,1015.16,94,24,29,12,16,11,1018,1013,0.0
2016-12-19,21,14,1015.12,94,25,29,13,16,11,1018,1013,0.0
2016-12-20,21,13,1014.17,88,21,30,12,17,10,1017,1012,0.0
2016-12-21,21,13,1014.02,94,19,30,12,15,10,1017,1012,0.0
2016-12-22,20,13,1013.13,94,21,29,12,15,10,1016,1010,0.0
2016-12-23,21,13,1012.04,100,24,29,13,17,10,1014,1009,0.0
2016-12-24,22,14,1011.73,94,26,30,13,18,11,1014,1009,0.0
2016-12-25,22,16,1012.70,94,29,30,14,19,14,1015,1011,0.0
2016-12-26,24,17,1012.78,94,20,32,15,19,12,1015,1010,0.0
2016-12-27,22,17,1014.26,94,40,29,15,20,15,1017,1012,0.0
2016-12-28,22,16,1014.53,94,37,28,15,20,14,1018,1012,0.0
2016-12-29,22,17,1015.00,100,41,28,15,18,15,1018,1012,0.0
2016-12-30,22,17,1015.11,100,34,29,15,19,15,1018,1013,0.0
2016-12-31,22,18,1014.44,100,37,29,16,20,16,1017,1012,0.0
2017-01-01,23,19,1014.95,100,51,29,17,22,17,1018,1013,0.0
2017-01-02,22,19,1014.96,100,37,28,17,21,16,1017,1013,0.0
2017-01-03,22,18,1014.51,100,46,28,17,21,16,1017,1012,0.0
2017-01-04,22,17,1013.98,100,37,28,16,19,14,1017,1011,0.0
2017-01-05,22,15,1013.37,94,23,30,15,17,12,1016,1011,0.0
2017-01-06,22,15,1013.06,100,21,30,15,20,10,1016,1011,0.0
2017-01-07,22,15,1011.98,100,28,29,14,17,13,1014,1009,0.0
2017-01-08,22,14,1011.49,94,18,31,14,17,9,1014,1008,0.0
2017-01-09,23,14,1011.39,94,19,31,15,17,10,1013,1009,0.0
2017-01-10,23,16,1011.52,94,28,31,15,18,13,1014,1009,0.0
2017-01-11,23,16,1012.57,88,31,29,17,18,13,1015,1011,0.0
2017-01-12,22,14,1012.71,88,32,27,17,17,10,1016,1011,0.0
2017-01-13,20,12,1013.74,94,30,26,15,16,8,1017,1011,0.0
2017-01-14,20,11,1015.77,94,27,26,13,18,7,1018,1013,0.0
2017-01-15,20,10,1016.62,94,22,27,12,14,7,1020,1014,0.0
2017-01-16,20,11,1015.51,94,22,28,11,14,8,1019,1013,0.0
2017-01-17,22,14,1015.08,94,21,31,13,17,11,1018,1013,0.0
2017-01-18,23,15,1017.47,100,28,30,16,16,13,1020,1015,0.0
2017-01-19,22,14,1017.64,94,24,30,13,17,12,1020,1015,0.0
2017-01-20,22,14,1017.09,94,22,31,13,17,11,1020,1014,0.0
2017-01-21,22,14,1017.28,94,22,30,14,16,10,1020,1015,0.0
2017-01-22,23,13,1018.13,94,20,31,15,16,9,1021,1015,0.0
2017-01-23,24,13,1017.48,94,13,32,15,16,7,1020,1014,0.0
2017-01-24,23,14,1017.30,94,19,31,15,18,9,1020,1015,0.0
2017-01-25,23,15,1017.68,94,26,31,15,18,12,1020,1015,0.0
2017-01-26,23,15,1016.59,94,22,31,15,17,13,1020,1014,0.0
2017-01-27,22,18,1014.91,94,47,27,17,20,17,1017,1013,0.0
2017-01-28,22,16,1014.27,94,30,30,14,19,14,1018,1012,0.0
2017-01-29,23,15,1015.20,94,28,30,16,19,12,1018,1014,0.0
2017-01-30,22,17,1014.02,94,31,30,15,19,14,1018,1011,0.0
2017-01-31,24,18,1013.04,94,30,32,16,20,16,1015,1011,0.0
2017-02-01,26,19,1014.72,98,29,33,20,21,16,1016,1013,0.0
2017-02-02,25,19,1016.68,100,37,30,20,21,17,1019,1014,0.0
2017-02-03,25,19,1015.83,100,29,31,19,21,14,1019,1013,0.0
2017-02-04,23,15,1014.33,94,22,30,16,19,11,1017,1011,0.0
2017-02-05,24,14,1013.20,88,20,32,16,18,12,1016,1011,0.0
2017-02-06,26,16,1011.95,100,15,34,17,19,8,1014,1009,0.0
2017-02-07,26,16,1011.95,100,19,34,17,19,13,1014,1010,0.0
2017-02-08,25,16,1013.39,83,21,33,17,20,12,1016,1011,0.0
2017-02-09,26,17,1012.89,100,15,34,19,21,11,1016,1011,0.0
2017-02-10,27,19,1012.59,100,20,34,20,22,13,1015,1010,0.0
2017-02-11,28,19,1014.60,100,29,34,21,22,14,1016,1013,0.0
2017-02-12,26,19,1017.05,100,26,32,19,21,14,1019,1015,0.0
2017-02-13,25,16,1017.87,94,22,33,17,19,12,1021,1016,0.0
2017-02-14,26,16,1018.95,88,21,34,18,19,12,1021,1017,0.0
2017-02-15,26,16,1018.29,88,22,34,18,18,14,1022,1015,0.0
2017-02-16,26,17,1015.87,91,22,34,18,20,14,1019,1012,0.0
2017-02-17,26,18,1014.71,94,26,34,19,21,16,1018,1012,0.0
2017-02-18,27,19,1014.44,94,28,34,20,21,17,1018,1012,0.0
2017-02-19,28,21,1011.88,94,31,34,21,23,19,1015,1008,0.0
2017-02-20,29,18,1008.06,90,13,37,21,23,11,1011,1005,0.0
2017-02-21,29,20,1008.90,95,20,36,22,24,15,1011,1007,0.0
2017-02-22,29,23,1009.69,89,46,35,23,25,22,1012,1008,0.0
2017-02-23,30,23,1010.82,89,37,36,24,24,21,1014,1009,0.0
2017-02-24,28,22,1013.47,89,36,33,24,24,19,1016,1011,0.0
2017-02-25,26,18,1013.10,94,21,33,20,22,13,1016,1010,0.0
2017-02-26,27,17,1010.93,94,15,35,19,21,8,1014,1008,0.0
2017-02-27,27,20,1012.45,100,25,35,19,22,17,1015,1010,0.0
2017-02-28,28,22,1012.78,100,32,34,22,23,19,1015,1011,0.0
2017-03-01,28,20,1012.25,100,17,36,21,23,13,1015,1010,0.0
2017-03-02,29,19,1011.47,100,16,37,21,23,12,1014,1009,0.0
2017-03-03,30,18,1008.43,100,8,38,21,24,5,1011,1006,0.0
2017-03-04,27,20,1007.81,94,29,34,20,22,17,1010,1006,0.0
2017-03-05,29,23,1007.06,89,31,35,23,24,20,1010,1005,0.0
2017-03-06,30,22,1007.23,89,34,35,24,25,20,1010,1005,7.0
2017-03-07,28,23,1008.68,94,47,33,22,26,20,1011,1006,0.2
2017-03-08,24,22,1009.27,100,62,27,21,24,20,1012,1007,2.0
2017-03-09,26,23,1007.07,94,54,32,21,25,21,1010,1004,0.0
2017-03-10,28,24,1006.12,100,50,33,23,25,23,1008,1004,0.0
2017-03-11,26,23,1007.53,100,56,31,20,25,22,1009,1006,0.0
2017-03-12,28,19,1009.18,88,19,35,22,24,13,1011,1007,0.0
2017-03-13,26,16,1012.37,94,4,30,22,22,12,1015,1010,0.0
2017-03-14,26,19,1013.12,79,33,33,19,22,15,1016,1011,0.0
2017-03-15,27,21,1012.68,94,38,33,21,23,20,1016,1010,0.0
2017-03-16,28,20,1010.60,94,29,34,22,24,17,1013,1008,0.0
2017-03-17,28,23,1009.24,95,34,34,22,25,19,1012,1007,0.0
2017-03-18,30,20,1009.38,89,32,35,24,24,18,1011,1007,0.0
2017-03-19,28,24,1009.86,97,46,33,23,25,23,1013,1007,0.0
2017-03-20,28,20,1010.41,94,33,32,23,24,18,1013,1008,0.0
2017-03-21,28,17,1012.43,88,10,36,20,22,8,1015,1010,0.0
2017-03-22,30,19,1010.83,90,11,37,23,24,10,1014,1008,0.0
2017-03-23,30,22,1009.29,100,21,37,24,24,15,1012,1006,0.0
2017-03-24,31,23,1009.24,94,22,39,23,25,18,1012,1006,0.0
2017-03-25,30,24,1009.69,94,39,36,25,25,22,1012,1007,0.0
2017-03-26,30,24,1009.94,89,43,34,25,26,19,1013,1006,0.0
2017-03-27,30,25,1010.20,94,42,35,25,25,24,1013,1008,0.0
2017-03-28,30,24,1009.46,89,48,35,25,25,24,1012,1007,0.0
2017-03-29,30,24,1007.78,94,40,36,25,25,23,1010,1000,0.0
2017-03-30,30,24,1008.13,89,40,36,25,25,23,1010,1006,0.0
2017-03-31,30,25,1009.80,94,54,34,26,27,24,1012,1008,0.0
2017-04-01,30,25,1007.52,94,43,35,25,25,24,1010,1005,0.0
2017-04-02,30,24,1005.72,94,42,35,25,25,22,1008,1004,0.0
2017-04-03,31,21,1007.56,89,26,37,25,25,14,1010,1005,0.0
2017-04-04,30,24,1007.81,94,47,34,26,25,23,1010,1005,0.0
2017-04-05,30,25,1006.91,89,51,34,26,25,24,1010,1004,0.0
2017-04-06,30,25,1006.81,94,52,34,26,26,24,1009,1005,0.0
2017-04-07,32,26,1006.91,94,46,37,26,27,25,1009,1004,0.0
2017-04-08,31,26,1007.44,94,49,35,27,27,26,1009,1005,0.0
2017-04-09,32,26,1007.59,94,46,36,27,26,26,1010,1005,0.0
2017-04-10,32,26,1006.80,91,45,37,27,27,25,1009,1004,0.0
2017-04-11,33,21,1006.89,87,14,40,26,26,12,1010,1004,0.0
2017-04-12,32,23,1007.37,100,22,40,25,26,18,1010,1005,0.0
2017-04-13,31,23,1008.22,89,28,36,26,26,17,1010,1006,0.0
2017-04-14,31,22,1007.83,91,33,37,25,25,19,1010,1005,0.0
2017-04-15,31,22,1005.55,94,23,38,24,24,14,1008,1003,0.0
2017-04-16,30,24,1004.92,100,42,35,23,26,22,1010,1001,38.0
2017-04-17,26,25,1006.70,94,59,34,19,27,21,1008,1004,0.0
2017-04-18,30,26,1006.68,94,48,35,26,27,25,1009,1003,0.0
2017-04-19,31,24,1005.36,91,29,35,27,27,15,1008,1003,0.8
2017-04-20,30,25,1004.63,89,48,35,24,27,21,1006,1003,0.0
2017-04-21,32,26,1004.35,94,47,36,27,27,25,1007,1002,0.0
2017-04-22,32,26,1003.59,94,42,36,27,27,24,1011,1001,0.0
2017-04-23,32,26,1004.26,94,50,36,28,27,26,1007,1002,0.0
2017-04-24,32,26,1004.70,94,43,37,27,27,25,1007,1002,0.0
2017-04-25,33,25,1004.65,90,32,39,27,27,22,1007,1002,0.0
2017-04-26,33,26,1005.67,94,28,40,26,27,22,1008,1003,0.0
2017-04-27,32,26,1006.57,90,46,37,28,27,24,1008,1004,0.0
2017-04-28,33,26,1006.67,94,34,39,27,27,24,1009,1004,0.0
2017-04-29,32,26,1007.17,94,42,37,26,27,25,1010,1005,0.0
2017-04-30,32,24,1006.80,90,36,36,27,27,20,1009,1005,0.0
2017-05-01,32,25,1008.44,89,44,36,27,26,23,1011,1005,0.0
2017-05-02,32,23,1009.63,84,24,38,26,25,19,1012,1008,0.0
2017-05-03,32,25,1009.00,81,36,38,27,26,23,1012,1006,0.8
2017-05-04,32,26,1008.26,94,38,39,26,26,24,1011,1006,0.0
2017-05-05,32,25,1007.31,89,41,38,27,27,23,1010,1004,0.0
2017-05-06,30,26,1008.91,94,49,35,26,27,25,1012,1006,0.0
2017-05-07,32,23,1008.64,89,27,40,24,27,19,1011,1006,0.0
2017-05-08,32,26,1006.91,89,40,38,27,26,25,1010,1004,0.0
2017-05-09,32,26,1006.65,100,43,37,26,27,24,1010,1004,28.0
2017-05-10,30,24,1008.26,100,38,35,24,26,21,1010,1006,0.0
2017-05-11,31,25,1007.74,94,37,36,26,27,24,1011,1005,0.0
2017-05-12,32,26,1007.54,94,43,38,27,27,25,1010,1004,0.0
2017-05-13,33,26,1005.28,89,35,39,27,27,22,1008,1001,0.0
2017-05-14,34,26,1003.33,100,46,40,27,28,25,1007,1000,0.0
2017-05-15,34,28,1000.65,94,47,40,28,31,25,1003,997,0.0
2017-05-16,33,27,1000.53,84,47,39,27,28,26,1002,998,0.0
2017-05-17,34,28,1000.22,94,46,39,28,29,27,1003,997,0.0
2017-05-18,34,26,1003.76,89,46,39,27,29,23,1007,1000,0.2
2017-05-19,32,25,1004.00,79,33,39,25,27,21,1006,1002,0.0
2017-05-20,34,25,1002.45,89,37,40,27,28,22,1005,999,0.0
2017-05-21,33,24,1002.05,89,33,39,27,28,21,1004,1000,0.0
2017-05-22,34,27,1003.17,86,47,39,28,28,20,1005,1001,0.0
2017-05-23,34,26,1003.56,89,37,39,29,28,25,1006,1001,0.0
2017-05-24,34,26,1003.50,89,41,38,29,28,23,1006,1001,0.0
2017-05-25,32,25,1002.95,86,35,38,27,27,24,1005,1001,0.0
2017-05-26,33,26,1002.86,89,33,38,28,28,23,1005,1000,0.0
2017-05-27,32,24,1002.41,79,35,37,28,27,22,1004,1001,0.0
2017-05-28,33,25,1000.67,94,35,39,27,27,23,1004,999,0.5
2017-05-29,33,24,998.00,84,27,39,27,27,21,1001,995,0.0
2017-05-30,34,23,996.80,89,25,42,25,27,20,999,995,23.0
2017-05-31,33,25,1000.05,84,20,41,25,28,20,1003,998,0.0
2017-06-01,33,26,1001.85,85,43,38,28,29,23,1003,1000,0.8
2017-06-02,33,26,1003.28,84,49,37,29,28,24,1005,1002,0.0
2017-06-03,33,27,1002.71,84,41,38,28,28,24,1005,1000,0.0
2017-06-04,36,28,1000.56,90,37,43,29,29,26,1003,997,0.0
2017-06-05,30,25,1002.37,94,50,34,26,28,24,1006,999,9.0
2017-06-06,30,24,1002.72,84,40,35,25,27,22,1004,1001,0.0
2017-06-07,32,25,1003.48,89,36,38,26,26,23,1006,1001,0.0
2017-06-08,33,25,1001.30,89,33,39,27,28,22,1003,999,0.0
2017-06-09,32,26,999.68,100,40,38,27,29,24,1002,998,9.0
2017-06-10,30,27,999.03,94,60,34,26,28,26,1001,997,11.0
2017-06-11,28,26,998.24,94,70,32,25,27,25,1000,990,0.8
2017-06-12,31,26,999.19,94,54,36,26,27,24,1001,998,1.0
2017-06-13,31,27,1001.14,94,52,35,27,28,26,1003,1000,0.0
2017-06-14,30,26,1002.41,100,44,36,24,28,24,1004,1001,30.0
2017-06-15,28,25,1002.56,100,59,33,23,27,24,1005,1000,24.0
2017-06-16,28,25,1003.00,100,50,33,23,26,23,1005,1001,0.0
2017-06-17,32,27,1002.12,94,53,36,27,27,26,1004,1000,0.0
2017-06-18,32,26,1000.71,94,47,37,27,28,24,1003,998,0.0
2017-06-19,32,25,1000.05,84,34,38,26,27,23,1002,998,0.0
2017-06-20,31,26,1000.23,89,58,35,27,28,24,1002,998,0.0
2017-06-21,30,25,1001.08,100,50,34,25,30,24,1003,999,13.0
2017-06-22,26,25,1001.48,100,64,29,24,27,23,1003,1000,0.0
2017-06-23,32,25,999.67,94,40,37,26,27,23,1002,997,0.0
2017-06-24,28,26,998.20,100,84,30,26,27,26,1000,996,14.0
2017-06-25,27,26,997.35,100,77,30,24,27,25,999,995,0.1
2017-06-26,28,26,999.04,94,76,30,26,27,26,1001,997,0.1
2017-06-27,28,27,999.42,100,79,30,26,27,26,1001,998,2.0
2017-06-28,28,27,1000.17,100,78,31,27,28,26,1001,999,0.2
2017-06-29,30,26,1000.25,97,64,34,26,28,26,1002,998,3.0
2017-06-30,28,26,998.41,100,70,32,25,28,25,1000,997,68.0
2017-07-01,26,26,998.46,100,82,29,24,27,26,1000,997,0.0
2017-07-02,29,27,999.67,94,74,32,26,27,26,1002,999,2.0
2017-07-03,28,26,1000.83,94,75,30,26,27,25,1002,999,4.0
2017-07-04,28,26,999.94,93,68,32,25,28,25,1002,998,0.0
2017-07-05,29,26,1000.71,100,57,32,26,27,25,1002,999,0.0
2017-07-06,28,26,1000.83,94,66,31,26,27,26,1003,999,0.0
2017-07-07,28,26,1001.94,100,66,33,24,27,24,1004,999,31.0
2017-07-08,26,25,1001.68,100,80,30,23,27,22,1004,1000,3.0
2017-07-09,26,26,1002.17,100,84,29,24,27,25,1004,1000,0.5
2017-07-10,30,27,1002.88,100,61,34,26,28,26,1005,1000,43.0
2017-07-11,28,26,1002.15,100,65,32,23,27,25,1003,1000,1.0
2017-07-12,28,26,1001.89,100,68,32,26,27,25,1004,1000,0.0
2017-07-13,28,26,1001.33,100,76,31,24,27,25,1003,999,2.0
2017-07-14,28,26,1000.85,100,69,32,24,28,25,1002,998,35.0
2017-07-15,28,27,1000.26,100,84,31,24,28,25,1002,998,8.0
2017-07-16,27,26,997.89,100,80,30,24,27,25,1000,995,0.0
2017-07-17,28,27,995.88,100,88,30,25,28,26,998,993,23.0
2017-07-18,28,26,994.05,100,75,31,25,27,25,996,992,4.0
2017-07-19,26,26,995.39,100,78,31,22,28,22,997,994,106.0
2017-07-20,29,26,997.88,94,64,33,25,27,26,1000,995,0.0
2017-07-21,30,28,999.74,94,70,33,27,28,27,1002,998,0.2
2017-07-22,28,28,1000.97,100,81,30,26,28,26,1002,1000,13.0
2017-07-23,27,27,1000.47,100,92,28,26,28,26,1002,999,11.0
2017-07-24,27,27,999.96,100,85,29,25,27,26,1001,999,0.1
2017-07-25,29,26,999.10,100,60,32,26,27,24,1000,998,2.0
2017-07-26,28,26,1001.19,94,66,31,26,28,24,1003,1000,0.0
2017-07-27,29,27,1003.14,94,59,33,25,28,25,1005,1001,0.0
2017-07-28,31,27,1003.77,100,54,35,27,28,26,1005,1002,19.0
2017-07-29,29,27,1004.39,100,71,32,26,28,25,1006,1003,9.0
2017-07-30,30,27,1003.22,100,64,33,26,29,25,1005,1001,0.0
2017-07-31,30,27,1003.09,100,60,34,26,28,26,1005,1001,35.0
2017-08-01,30,27,1003.00,94,59,34,25,28,26,1005,1001,0.0
2017-08-02,30,26,1002.32,94,60,34,26,27,25,1004,1000,0.0
2017-08-03,30,26,1000.65,94,65,33,26,28,25,1003,998,2.0
2017-08-04,28,26,999.32,100,76,31,26,29,25,1002,998,6.0
2017-08-05,26,27,998.87,100,88,29,24,28,25,1000,997,11.0
2017-08-06,30,27,999.59,100,58,35,25,28,25,1001,998,0.0
2017-08-07,30,28,1001.60,95,75,33,27,29,25,1004,1000,5.0
2017-08-08,28,27,1003.48,100,68,33,24,28,26,1005,1001,2.0
2017-08-09,30,27,1003.35,100,67,34,25,29,26,1005,1002,0.8
2017-08-10,30,26,1002.92,100,55,34,26,27,25,1005,1000,19.0
2017-08-11,28,26,1003.33,94,71,32,24,29,25,1005,1001,2.0
2017-08-12,30,26,1003.83,94,68,33,26,28,25,1006,1002,1.0
2017-08-13,29,26,1005.16,100,66,33,25,28,25,1007,1003,28.0
2017-08-14,28,27,1005.88,96,72,31,24,28,25,1008,1004,7.0
2017-08-15,29,27,1004.43,100,65,33,25,28,26,1007,1003,2.0
2017-08-16,30,27,1002.09,100,71,33,26,28,25,1004,1000,0.5
2017-08-17,28,26,999.42,100,80,30,25,28,25,1002,997,42.0
2017-08-18,28,26,998.48,100,72,31,24,28,25,1001,997,1.0
2017-08-19,28,26,1000.60,94,69,32,25,27,26,1003,999,3.0
2017-08-20,28,27,1002.67,100,75,32,24,28,26,1012,1000,2.0
2017-08-21,30,26,1002.33,100,57,34,25,28,25,1004,1000,0.0
2017-08-22,29,26,1002.52,94,71,33,25,28,25,1004,1001,0.0
2017-08-23,30,26,1002.76,100,55,35,25,28,25,1005,1001,8.0
2017-08-24,28,27,1001.27,100,71,32,24,28,25,1004,999,30.0
2017-08-25,28,26,1000.00,100,67,32,25,27,25,1002,998,3.0
2017-08-26,28,27,998.52,100,78,32,25,28,26,1000,997,3.0
2017-08-27,27,27,997.83,100,79,29,25,27,26,999,996,22.0
2017-08-28,28,27,997.75,100,80,31,24,27,25,1000,996,6.0
2017-08-29,26,26,1002.39,100,89,28,24,27,25,1004,999,3.0
2017-08-30,28,27,1004.37,100,72,31,24,28,25,1006,1002,0.0
2017-08-31,30,27,1004.90,100,38,34,26,32,18,1007,1003,33.0
2017-09-01,28,26,1005.44,100,69,33,24,28,25,1007,1003,34.0
2017-09-02,26,25,1005.37,100,88,28,23,27,24,1007,1004,8.0
2017-09-03,28,27,1005.09,99,67,34,23,28,24,1007,1003,0.0
2017-09-04,30,27,1004.86,94,62,35,25,28,26,1007,1003,0.0
2017-09-05,30,27,1005.09,94,64,35,26,28,26,1007,1003,4.0
2017-09-06,30,27,1005.70,97,58,34,26,28,26,1008,1003,0.0
2017-09-07,30,27,1005.82,94,71,32,27,28,26,1007,1004,0.0
2017-09-08,30,27,1006.45,94,58,35,26,27,26,1008,1004,0.0
2017-09-09,30,26,1006.00,90,57,34,26,27,26,1008,1004,0.0
2017-09-10,31,27,1007.59,94,61,35,27,28,26,1009,1005,0.0
2017-09-11,30,27,1008.12,94,55,34,26,28,26,1010,1006,0.0
2017-09-12,30,26,1007.97,100,63,35,25,28,25,1010,1005,33.0
2017-09-13,28,27,1007.50,100,64,33,24,29,25,1010,1005,36.0
2017-09-14,29,26,1006.48,96,64,33,25,28,25,1009,1004,0.0
2017-09-15,29,27,1004.03,100,64,33,25,28,26,1007,1002,4.0
2017-09-16,30,26,1003.42,100,66,34,25,28,24,1006,1001,15.0
2017-09-17,30,27,1002.77,100,62,34,25,28,26,1005,1000,0.0
2017-09-18,28,26,1002.26,100,84,31,25,27,25,1004,1000,19.0
2017-09-19,27,26,1001.66,100,86,30,24,28,25,1004,999,4.0
2017-09-20,28,26,1002.60,100,75,31,24,28,24,1005,1001,0.3
2017-09-21,30,27,1003.64,100,66,34,25,28,25,1005,1002,0.0
2017-09-22,30,27,1005.74,96,60,33,26,28,26,1007,1004,0.0
2017-09-23,30,27,1007.00,94,65,35,26,28,26,1009,1005,0.0
2017-09-24,30,27,1006.05,100,55,35,26,28,26,1009,1003,5.0
2017-09-25,30,28,1003.74,100,65,34,25,29,26,1007,1001,0.0
2017-09-26,30,26,1004.62,94,59,35,25,28,25,1006,1003,0.0
2017-09-27,30,27,1005.81,94,64,34,26,29,26,1008,1004,0.2
2017-09-28,28,26,1004.96,100,76,31,25,27,25,1007,1003,64.0
2017-09-29,27,26,1005.04,100,81,30,24,28,24,1007,1003,2.0
2017-09-30,26,26,1006.85,100,94,28,24,28,25,1008,1005,64.0
2017-10-01,28,27,1006.49,100,71,32,24,28,25,1009,1005,0.0
2017-10-02,28,26,1005.41,100,79,31,25,27,25,1008,1004,0.0
2017-10-03,28,26,1006.47,100,82,30,25,27,24,1008,1004,0.0
2017-10-04,29,27,1006.85,100,64,33,25,29,26,1009,1005,0.7
2017-10-05,28,26,1007.94,94,70,31,25,28,25,1066,1004,3.0
2017-10-06,25,26,1006.55,100,94,26,24,26,25,1008,1004,0.0
2017-10-07,28,26,1006.54,100,72,32,24,27,25,1009,1005,0.0
2017-10-08,28,26,1005.90,97,69,32,25,27,25,1008,1004,0.2
2017-10-09,29,26,1004.80,100,67,33,25,28,25,1007,1003,19.0
2017-10-10,28,27,1005.07,100,70,32,24,28,26,1007,1003,0.0
2017-10-11,29,27,1005.47,100,62,33,25,28,25,1007,1003,0.0
2017-10-12,30,27,1005.32,94,66,34,25,28,26,1008,1003,0.0
2017-10-13,30,27,1005.05,94,55,34,25,28,26,1007,1002,0.0
2017-10-14,30,26,1005.17,94,54,34,25,27,26,1007,1003,0.0
2017-10-15,30,26,1005.36,94,56,34,25,27,25,1008,1004,0.0
2017-10-16,30,26,1005.30,94,50,34,25,26,24,1008,1003,0.0
2017-10-17,28,24,1005.06,94,45,33,24,26,22,1007,1003,0.0
2017-10-18,28,25,1004.06,100,64,32,24,28,23,1007,1002,4.0
2017-10-19,26,26,1002.12,100,99,26,25,26,25,1005,1000,0.0
2017-10-20,24,25,1001.16,100,94,25,24,25,24,1005,997,17.0
2017-10-21,27,26,1004.82,100,64,31,23,27,24,1006,1003,0.0
2017-10-22,28,25,1007.12,95,51,34,23,26,24,1009,1001,0.0
2017-10-23,32,25,1009.12,91,45,40,23,26,23,1011,1007,0.0
2017-10-24,28,25,1011.15,96,57,34,23,26,23,1013,1010,0.0
2017-10-25,28,25,1013.37,96,51,34,22,26,23,1015,1012,0.0
2017-10-26,28,24,1014.00,94,53,33,23,25,24,1016,1012,0.0
2017-10-27,28,24,1012.65,100,53,32,23,25,23,1015,1011,0.0
2017-10-28,28,23,1012.16,94,50,32,23,24,22,1014,1004,0.0
2017-10-29,26,23,1013.41,100,54,31,20,24,20,1016,1012,0.0
2017-10-30,27,23,1013.19,94,43,32,22,24,21,1016,1010,0.0
2017-10-31,26,22,1012.16,94,44,32,21,24,20,1014,1010,0.0
2017-11-01,26,22,1013.16,94,50,30,21,23,20,1015,1011,0.0
2017-11-02,25,21,1011.61,96,45,30,20,21,20,1014,1009,0.0
2017-11-03,25,20,1011.65,94,41,31,19,21,18,1014,1010,0.0
2017-11-04,24,20,1012.30,94,46,31,18,22,18,1014,1010,0.0
2017-11-05,26,21,1012.56,92,42,33,18,23,19,1015,1010,0.0
2017-11-06,27,22,1012.40,100,44,33,21,24,21,1014,1010,0.0
2017-11-07,26,20,1012.47,94,35,32,20,21,18,1015,1011,0.0
2017-11-08,26,19,1012.17,94,35,32,19,21,16,1015,1010,0.0
2017-11-09,26,19,1011.50,96,37,32,19,21,18,1014,1010,0.0
2017-11-10,24,18,1011.55,100,33,31,18,20,14,1014,1009,0.0
2017-11-11,24,18,1012.00,94,35,31,18,19,17,1015,1010,0.0
2017-11-12,24,19,1010.29,93,41,31,17,20,16,1012,1009,0.0
2017-11-13,25,18,1009.21,91,36,31,19,20,16,1012,1007,0.0
2017-11-14,25,18,1009.21,88,41,28,22,20,17,1011,1008,3.0
2017-11-15,20,21,1009.76,100,90,22,19,22,19,1012,1008,25.0
2017-11-16,22,22,1009.31,100,93,24,20,23,21,1011,1003,4.0
2017-11-17,22,22,1009.50,100,97,24,21,23,22,1012,1008,7.0
2017-11-18,24,23,1011.33,100,83,27,22,25,22,1013,1009,0.0
2017-11-19,26,24,1012.25,100,69,30,22,26,23,1014,1010,0.0
2017-11-20,26,24,1012.47,95,54,31,22,26,22,1015,1010,0.0
2017-11-21,26,21,1012.38,94,42,31,21,25,18,1014,1010,0.0
2017-11-22,24,19,1011.28,89,39,29,18,21,17,1014,1009,0.0
2017-11-23,22,15,1011.00,91,30,29,16,17,13,1013,1009,0.0
2017-11-24,22,15,1013.47,92,29,29,15,17,12,1015,1011,0.0
2017-11-25,22,15,1014.67,96,32,29,14,19,12,1017,1012,0.0
2017-11-26,21,16,1015.24,100,34,29,13,18,14,1018,1013,0.0
2017-11-27,22,17,1013.25,95,35,30,14,19,14,1016,1011,0.0
2017-11-28,22,16,1013.18,94,27,31,14,19,13,1015,1011,0.0
2017-11-29,22,17,1015.00,96,32,30,15,19,15,1017,1013,0.0
2017-11-30,22,16,1013.70,94,28,30,14,19,14,1017,1011,0.0
2017-12-01,21,15,1013.32,100,29,28,14,17,13,1016,1011,0.0
2017-12-02,20,14,1014.76,95,27,28,13,16,12,1017,1013,0.0
2017-12-03,20,14,1014.30,95,31,28,12,16,13,1017,1012,0.0
2017-12-04,20,14,1013.05,94,30,28,12,16,13,1016,1011,0.0
2017-12-05,20,14,1012.54,94,27,28,12,15,12,1016,1010,0.0
2017-12-06,20,14,1012.00,100,28,28,12,15,12,1014,1010,0.0
2017-12-07,19,15,1012.00,96,44,25,13,18,11,1013,1010,0.0
2017-12-08,18,17,1010.56,100,71,20,17,18,16,1014,1008,25.0
2017-12-09,19,18,1009.36,100,74,22,16,19,17,1011,1007,0.1
2017-12-10,25,20,1011.57,89,47,30,20,22,18,1013,1009,0.0
2017-12-11,24,21,1013.25,95,50,30,18,22,18,1016,1011,0.0
2017-12-12,24,21,1014.19,97,49,30,18,22,19,1016,1012,0.0
2017-12-13,25,21,1014.28,100,49,29,21,22,20,1017,1012,0.0
2017-12-14,25,20,1015.45,100,43,30,20,22,18,1018,1014,0.0
2017-12-15,24,19,1015.60,94,43,30,17,21,17,1018,1014,0.0
2017-12-16,23,17,1016.82,94,34,30,16,19,15,1019,1014,0.0
2017-12-17,23,17,1017.58,96,33,30,16,20,15,1021,1015,0.0
2017-12-18,22,13,1018.40,96,23,28,14,17,10,1021,1016,0.0
2017-12-19,19,13,1017.88,94,34,27,11,16,10,1020,1015,0.0
2017-12-20,20,15,1018.08,93,37,27,13,17,12,1021,1016,0.0
2017-12-21,21,16,1017.47,94,40,28,14,19,13,1020,1016,0.0
2017-12-22,22,17,1015.85,96,43,28,15,19,14,1019,1013,0.0
2017-12-23,22,17,1013.88,100,44,28,15,19,16,1016,1012,0.0
2017-12-24,22,17,1014.19,100,42,28,15,19,16,1016,1012,0.0
2017-12-25,20,16,1014.13,100,36,28,13,18,14,1016,1012,0.0
2017-12-26,21,15,1014.63,96,33,28,14,17,12,1017,1012,0.0
2017-12-27,20,13,1014.73,98,28,28,11,17,10,1018,1012,0.0
2017-12-28,20,13,1015.00,94,27,28,11,15,10,1018,1013,0.0
2017-12-29,20,14,1015.62,90,32,28,13,16,12,1018,1013,0.0
2017-12-30,20,14,1014.71,97,26,29,12,17,11,1017,1013,0.0
2017-12-31,20,15,1013.10,100,32,28,13,18,14,1016,1011,0.0
2018-01-01,20,16,1011.16,90,39,25,16,17,14,1013,1009,0.0
2018-01-02,21,14,1011.62,100,20,28,14,16,8,1014,1009,0.0
2018-01-03,19,13,1012.56,92,25,27,11,15,10,1014,1010,0.0
2018-01-04,20,13,1013.33,94,29,26,14,14,9,1016,1012,0.0
2018-01-05,18,13,1012.70,94,27,27,10,16,10,1015,1010,0.0
2018-01-06,19,12,1011.78,100,26,27,11,15,10,1014,1009,0.0
2018-01-07,20,13,1013.11,94,25,27,13,15,11,1015,1011,0.0
2018-01-08,19,11,1015.20,94,21,27,11,14,6,1017,1013,0.0
2018-01-09,18,11,1016.57,100,25,26,10,15,8,1020,1014,0.0
2018-01-10,20,11,1016.17,94,25,28,11,14,9,1019,1014,0.0
2018-01-11,20,13,1014.53,98,32,29,11,14,11,1018,1012,0.0
2018-01-12,20,15,1013.50,100,28,29,12,18,12,1016,1011,0.0
2018-01-13,22,15,1013.81,100,25,29,14,18,11,1017,1011,0.0
2018-01-14,20,14,1014.59,94,26,28,12,17,11,1018,1012,0.0
2018-01-15,20,11,1013.80,95,15,29,11,15,6,1017,1011,0.0
2018-01-16,20,13,1013.37,94,30,28,12,16,11,1016,1010,0.0
2018-01-17,21,15,1013.40,95,30,29,13,16,14,1016,1011,0.0
2018-01-18,20,14,1013.50,89,26,29,12,16,12,1016,1012,0.0
2018-01-19,20,12,1014.74,95,21,28,11,14,9,1018,1013,0.0
2018-01-20,20,12,1014.06,100,22,29,11,15,10,1016,1012,0.0
2018-01-21,20,13,1013.28,94,25,29,12,16,9,1016,1011,0.0
2018-01-22,21,15,1012.05,96,29,29,13,18,12,1014,1010,0.0
2018-01-23,22,15,1011.44,94,24,29,14,17,12,1014,1009,0.0
2018-01-24,22,16,1009.67,94,23,31,14,19,12,1012,1006,0.0
2018-01-25,22,14,1010.24,100,21,29,16,18,10,1013,1008,0.0
2018-01-26,21,15,1011.61,86,26,29,13,18,12,1014,1009,0.0
2018-01-27,22,16,1012.53,100,35,28,15,18,15,1015,1010,0.0
2018-01-28,22,15,1013.43,97,26,29,14,17,12,1016,1011,0.0
2018-01-29,22,14,1013.75,94,20,30,13,18,9,1017,1012,0.0
2018-01-30,20,11,1012.88,85,10,30,11,16,4,1016,1011,0.0
2018-01-31,22,10,1012.05,94,9,32,11,16,4,1015,1010,0.0
2018-02-01,22,10,1012.40,83,10,31,13,15,4,1015,1010,0.0
2018-02-02,22,11,1012.38,94,8,33,12,16,4,1014,1010,0.0
2018-02-03,23,12,1013.58,91,16,32,14,17,8,1016,1011,0.0
2018-02-04,23,12,1013.05,88,13,33,13,17,6,1015,1011,0.0
2018-02-05,24,12,1015.32,90,14,33,14,16,7,1018,1013,0.0
2018-02-06,24,14,1013.65,88,14,35,14,18,9,1017,1011,0.0
2018-02-07,25,16,1011.94,94,21,35,15,19,14,1014,1009,0.0
2018-02-08,26,18,1011.46,89,21,33,20,20,13,1014,1009,0.0
2018-02-09,26,19,1011.29,91,31,33,19,21,18,1013,1009,0.0
2018-02-10,26,20,1013.77,100,33,32,19,22,18,1016,1011,0.0
2018-02-11,24,16,1016.48,83,32,29,19,19,14,1019,1014,0.0
2018-02-12,24,13,1017.33,88,18,32,15,16,10,1020,1016,0.0
2018-02-13,23,14,1018.30,100,22,31,15,19,11,1021,1016,0.0
2018-02-14,24,14,1017.68,74,21,33,16,16,12,1021,1015,0.0
2018-02-15,24,15,1017.68,88,21,32,16,19,13,1020,1015,0.0
2018-02-16,24,17,1015.95,94,22,32,17,19,13,1019,1013,0.0
2018-02-17,24,14,1012.14,92,17,33,15,18,10,1015,1009,0.0
2018-02-18,25,15,1011.47,94,18,34,16,19,11,1014,1010,0.0
2018-02-19,25,17,1012.28,88,21,32,18,21,13,1014,1011,0.0
2018-02-20,26,18,1011.64,93,21,34,19,21,14,1014,1010,0.0
2018-02-21,26,15,1010.13,90,15,35,17,20,11,1013,1007,0.0
2018-02-22,26,14,1010.16,88,12,36,15,19,9,1012,1008,0.0
2018-02-23,27,16,1010.67,87,11,36,18,20,8,1013,1009,0.0
2018-02-24,26,13,1013.17,89,10,36,17,20,7,1015,1011,0.0
2018-02-25,27,11,1012.32,78,8,38,16,18,6,1015,1010,0.0
2018-02-26,27,15,1010.61,73,11,37,17,19,10,1013,1008,0.0
2018-02-27,29,19,1010.87,100,17,37,21,23,14,1014,1007,0.0
2018-02-28,28,20,1010.50,100,22,36,20,22,17,1014,1008,0.0
2018-03-01,28,20,1010.13,94,23,37,19,22,17,1013,1008,0.0
2018-03-02,30,19,1008.77,98,17,38,22,23,14,1012,1006,0.0
2018-03-03,30,17,1007.50,95,12,39,21,22,12,1010,1004,0.0
2018-03-04,30,20,1007.85,88,16,39,21,22,15,1010,1006,0.0
2018-03-05,30,20,1009.56,94,21,38,21,22,16,1012,1007,0.0
2018-03-06,28,18,1011.05,94,19,35,21,22,14,1013,1009,0.0
2018-03-07,28,17,1011.70,83,14,35,21,20,10,1014,1010,0.0
2018-03-08,28,20,1012.33,83,28,35,20,22,18,1015,1010,0.0
2018-03-09,28,21,1011.48,90,23,35,20,22,19,1014,1009,0.0
2018-03-10,30,19,1010.88,92,12,38,21,22,9,1013,1008,0.0
2018-03-11,29,18,1011.64,94,17,36,22,24,13,1014,1010,0.0
2018-03-12,29,22,1010.52,94,32,35,23,25,20,1013,1008,0.0
2018-03-13,30,20,1009.82,89,13,39,22,23,13,1012,1007,0.0
2018-03-14,30,18,1008.77,94,13,39,20,21,13,1011,1006,0.0
2018-03-15,29,22,1007.82,94,32,37,21,24,20,1010,1006,0.0
2018-03-16,28,20,1009.91,94,34,30,24,25,16,1012,1007,0.2
2018-03-17,28,18,1009.94,79,15,36,21,22,12,1012,1008,0.0
2018-03-18,30,20,1010.67,94,17,38,21,22,15,1013,1009,0.0
2018-03-19,30,23,1012.06,100,27,36,23,25,18,1015,1009,0.0
2018-03-20,30,15,1008.75,94,6,39,21,24,5,1012,1006,0.0
2018-03-21,30,21,1008.50,89,19,37,22,25,16,1011,1005,0.0
2018-03-22,30,25,1007.00,100,43,35,24,25,24,1009,1004,0.0
2018-03-23,32,25,1007.11,94,33,39,24,26,23,1009,1005,0.0
2018-03-24,30,24,1009.94,92,38,37,23,26,23,1012,1008,0.0
2018-03-25,30,24,1012.00,94,42,36,24,25,23,1014,1010,0.0